date,ts_ms,equity
2025-01-01,1735689600000,5000.0
2025-01-02,1735776000000,5156.875284485879
2025-01-03,1735862400000,5436.611569072575
2025-01-04,1735948800000,5698.7347991302095
2025-01-05,1736035200000,5695.70489740646
2025-01-06,1736121600000,5708.391795699499
2025-01-07,1736208000000,5723.162225763736
2025-01-08,1736294400000,5517.831605339382
2025-01-09,1736380800000,5269.797371344491
2025-01-10,1736467200000,5170.586282393642
2025-01-11,1736553600000,5118.044656948097
2025-01-12,1736640000000,5223.948111418389
2025-01-13,1736726400000,5101.950540599013
2025-01-14,1736812800000,5011.4147979129975
2025-01-15,1736899200000,5146.981973341999
2025-01-16,1736985600000,5168.891128667527
2025-01-17,1737072000000,5075.575651259396
2025-01-18,1737158400000,5310.907704695643
2025-01-19,1737244800000,5285.182087660488
2025-01-20,1737331200000,5098.578276305173
2025-01-21,1737417600000,4972.480685108957
2025-01-22,1737504000000,5105.384836536971
2025-01-23,1737590400000,5226.598776369221
2025-01-24,1737676800000,5249.321301850914
2025-01-25,1737763200000,5072.061894063347
2025-01-26,1737849600000,5090.9066466709355
2025-01-27,1737936000000,4956.578134667896
2025-01-28,1738022400000,4853.729447461472
2025-01-29,1738108800000,4753.087367368358
2025-01-30,1738195200000,4861.315634599425
2025-01-31,1738281600000,4861.315634599425
2025-02-01,1738368000000,4861.315634599425
2025-02-02,1738454400000,4911.641962478867
2025-02-03,1738540800000,4929.656797592806
2025-02-04,1738627200000,4850.716188903307
2025-02-05,1738713600000,4873.3623752869735
2025-02-06,1738800000000,4873.3623752869735
2025-02-07,1738886400000,4873.3623752869735
2025-02-08,1738972800000,4872.79599333824
2025-02-09,1739059200000,4854.018661131797
2025-02-10,1739145600000,4835.723015183303
2025-02-11,1739232000000,4835.723015183303
2025-02-12,1739318400000,4835.723015183303
2025-02-13,1739404800000,4835.723015183303
2025-02-14,1739491200000,4833.909619052609
2025-02-15,1739577600000,4833.909619052609
2025-02-16,1739664000000,4790.969463407716
2025-02-17,1739750400000,4790.969463407716
2025-02-18,1739836800000,4787.391053318961
2025-02-19,1739923200000,4588.426633398728
2025-02-20,1740009600000,4671.537454083236
2025-02-21,1740096000000,4717.339091953048
2025-02-22,1740182400000,4672.285005918148
2025-02-23,1740268800000,4727.866395585594
2025-02-24,1740355200000,4707.538261751852
2025-02-25,1740441600000,4516.529989751237
2025-02-26,1740528000000,4516.86727119877
2025-02-27,1740614400000,4553.4567409096135
2025-02-28,1740700800000,4579.0146608302475
2025-03-01,1740787200000,4577.2975303324365
2025-03-02,1740873600000,4484.068791837932
2025-03-03,1740960000000,4482.3872660409925
2025-03-04,1741046400000,4562.554322387636
2025-03-05,1741132800000,4467.949758512928
2025-03-06,1741219200000,4466.2742773534865
2025-03-07,1741305600000,4283.427925709636
2025-03-08,1741392000000,4336.05947329992
2025-03-09,1741478400000,4336.05947329992
2025-03-10,1741564800000,4332.820838805752
2025-03-11,1741651200000,3985.2408893386146
2025-03-12,1741737600000,4008.0696166299704
2025-03-13,1741824000000,4008.0696166299704
2025-03-14,1741910400000,4008.0696166299704
2025-03-15,1741996800000,4008.0696166299704
2025-03-16,1742083200000,4008.0696166299704
2025-03-17,1742169600000,4168.39292135362
2025-03-18,1742256000000,4333.965726249442
2025-03-19,1742342400000,4333.965726249442
2025-03-20,1742428800000,4361.2933953635
2025-03-21,1742515200000,4462.593925959569
2025-03-22,1742601600000,4431.299225792929
2025-03-23,1742688000000,4339.416236346113
2025-03-24,1742774400000,4339.416236346113
2025-03-25,1742860800000,4339.416236346113
2025-03-26,1742947200000,4337.788955257483
2025-03-27,1743033600000,4305.53678292809
2025-03-28,1743120000000,4305.53678292809
2025-03-29,1743206400000,4305.53678292809
2025-03-30,1743292800000,4305.53678292809
2025-03-31,1743379200000,4305.53678292809
2025-04-01,1743465600000,4346.638173752573
2025-04-02,1743552000000,4430.013780976969
2025-04-03,1743638400000,4372.727718207292
2025-04-04,1743724800000,4369.461695933153
2025-04-05,1743811200000,4321.199980407647
2025-04-06,1743897600000,4340.2458733975745
2025-04-07,1743984000000,4340.2458733975745
2025-04-08,1744070400000,4338.61828119505
2025-04-09,1744156800000,4374.895171879394
2025-04-10,1744243200000,4463.947701262838
2025-04-11,1744329600000,4462.273720874864
2025-04-12,1744416000000,4455.225523932087
2025-04-13,1744502400000,4560.142647908465
2025-04-14,1744588800000,4527.674494966517
2025-04-15,1744675200000,4342.85843074273
2025-04-16,1744761600000,4212.058834989781
2025-04-17,1744848000000,4242.387729520222
2025-04-18,1744934400000,4240.236059329118
2025-04-19,1745020800000,4074.78824830082
2025-04-20,1745107200000,4074.78824830082
2025-04-21,1745193600000,4074.78824830082
2025-04-22,1745280000000,3948.055898008218
2025-04-23,1745366400000,4036.103728780204
2025-04-24,1745452800000,4043.1860089165766
2025-04-25,1745539200000,4051.476766696943
2025-04-26,1745625600000,4108.298552407089
2025-04-27,1745712000000,4159.5332649933025
2025-04-28,1745798400000,4385.574048620442
2025-04-29,1745884800000,4145.249449808502
2025-04-30,1745971200000,4083.528358476491
2025-05-01,1746057600000,3967.6613148362103
2025-05-02,1746144000000,4065.3178020663363
2025-05-03,1746230400000,4065.5994340129864
2025-05-04,1746316800000,4076.427806612058
2025-05-05,1746403200000,3934.11293463487
2025-05-06,1746489600000,3931.1745169465253
2025-05-07,1746576000000,3754.3350002854168
2025-05-08,1746662400000,3774.265380491861
2025-05-09,1746748800000,3856.7218875142707
2025-05-10,1746835200000,3990.942600802559
2025-05-11,1746921600000,4106.771060008397
2025-05-12,1747008000000,4214.484417676688
2025-05-13,1747094400000,4142.433011822082
2025-05-14,1747180800000,4154.668557208145
2025-05-15,1747267200000,3994.425496797099
2025-05-16,1747353600000,3808.176892468294
2025-05-17,1747440000000,3704.078235441386
2025-05-18,1747526400000,3539.2322389797073
2025-05-19,1747612800000,3720.1428388645327
2025-05-20,1747699200000,3618.8625239174307
2025-05-21,1747785600000,3619.568395929731
2025-05-22,1747872000000,3712.6351140116976
2025-05-23,1747958400000,3814.760603818585
2025-05-24,1748044800000,3567.3063934238307
2025-05-25,1748131200000,3631.1795201807486
2025-05-26,1748217600000,3476.1556327711533
2025-05-27,1748304000000,3384.052920320386
2025-05-28,1748390400000,3435.1626030331
2025-05-29,1748476800000,3163.6231438201958
2025-05-30,1748563200000,3070.4396036263684
2025-05-31,1748649600000,3003.791420417303
2025-06-01,1748736000000,3050.1307344609795
2025-06-02,1748822400000,2986.741054969887
2025-06-03,1748908800000,2922.123916389869
2025-06-04,1748995200000,3003.4003480379215
2025-06-05,1749081600000,2964.087251625152
2025-06-06,1749168000000,2898.19089253547
2025-06-07,1749254400000,2894.1692874207934
2025-06-08,1749340800000,2900.4836771496202
2025-06-09,1749427200000,2879.8780586263115
2025-06-10,1749513600000,2878.806609146144
2025-06-11,1749600000000,3043.038194049036
2025-06-12,1749686400000,3039.9889622266182
2025-06-13,1749772800000,2930.4675563604433
2025-06-14,1749859200000,2810.4431953623944
2025-06-15,1749945600000,2788.637774857626
2025-06-16,1750032000000,2788.637774857626
2025-06-17,1750118400000,2741.9041162411704
2025-06-18,1750204800000,2591.5000883687085
2025-06-19,1750291200000,2553.3311311704306
2025-06-20,1750377600000,2571.366530867933
2025-06-21,1750464000000,2518.049245850386
2025-06-22,1750550400000,2534.1211110207787
2025-06-23,1750636800000,2609.9331363626998
2025-06-24,1750723200000,2562.2321897585307
2025-06-25,1750809600000,2570.656100349493
2025-06-26,1750896000000,2613.387614878321
2025-06-27,1750982400000,2602.9613170886832
2025-06-28,1751068800000,2593.3090728873185
2025-06-29,1751155200000,2597.258300101225
2025-06-30,1751241600000,2606.550081854745
2025-07-01,1751328000000,2552.750776242961
2025-07-02,1751414400000,2510.2721608278457
2025-07-03,1751500800000,2498.3568846407716
2025-07-04,1751587200000,2536.1500900644296
2025-07-05,1751673600000,2464.8122094319524
2025-07-06,1751760000000,2437.8100621785916
2025-07-07,1751846400000,2436.9030826917187
2025-07-08,1751932800000,2435.7502022896024
2025-07-09,1752019200000,2414.50123608561
2025-07-10,1752105600000,2470.7787557214906
2025-07-11,1752192000000,2545.686562811321
2025-07-12,1752278400000,2632.801616613182
2025-07-13,1752364800000,2503.955074194975
2025-07-14,1752451200000,2546.977257682419
2025-07-15,1752537600000,2474.3417462158595
2025-07-16,1752624000000,2441.9757978852545
2025-07-17,1752710400000,2541.974286942517
2025-07-18,1752796800000,2508.984167173855
2025-07-19,1752883200000,2523.0102893246094
2025-07-20,1752969600000,2521.73969688408
2025-07-21,1753056000000,2601.060720371872
2025-07-22,1753142400000,2554.645972465749
2025-07-23,1753228800000,2520.3950817793448
2025-07-24,1753315200000,2453.353839409645
2025-07-25,1753401600000,2214.078095068592
2025-07-26,1753488000000,2208.1215512092704
2025-07-27,1753574400000,2334.374839844192
2025-07-28,1753660800000,2335.5114910137368
2025-07-29,1753747200000,2208.6198574262885
2025-07-30,1753833600000,2244.440233289212
2025-07-31,1753920000000,2149.0719951822034
2025-08-01,1754006400000,2123.1533972947923
2025-08-02,1754092800000,1973.9537629138672
2025-08-03,1754179200000,1966.770724953244
2025-08-04,1754265600000,1996.4383054652299
2025-08-05,1754352000000,2032.744189162097
2025-08-06,1754438400000,1969.239074057263
2025-08-07,1754524800000,1981.0463590672873
2025-08-08,1754611200000,2050.026669865095
2025-08-09,1754697600000,2087.0208816295876
2025-08-10,1754784000000,2196.213223742264
2025-08-11,1754870400000,2187.7110300088516
2025-08-12,1754956800000,2115.0988520912906
2025-08-13,1755043200000,2079.432985528348
2025-08-14,1755129600000,2048.0715914584316
2025-08-15,1755216000000,1968.7522765835158
2025-08-16,1755302400000,1963.4186135983418
2025-08-17,1755388800000,1992.2369160115709
2025-08-18,1755475200000,1993.7434275563153
2025-08-19,1755561600000,1950.0531539925757
2025-08-20,1755648000000,1911.7648433197328
2025-08-21,1755734400000,1926.6879060202739
2025-08-22,1755820800000,1898.2527073096282
2025-08-23,1755907200000,1928.3446724020314
2025-08-24,1755993600000,1876.8595786819865
2025-08-25,1756080000000,1856.7099809323522
2025-08-26,1756166400000,1749.5087323798523
2025-08-27,1756252800000,1867.7307101498934
2025-08-28,1756339200000,1845.4927660938527
2025-08-29,1756425600000,1812.5848423209334
2025-08-30,1756512000000,1745.2807246464718
2025-08-31,1756598400000,1709.2285228552191
2025-09-01,1756684800000,1708.4655886324251
2025-09-02,1756771200000,1624.9529906967268
2025-09-03,1756857600000,1646.5856011522085
2025-09-04,1756944000000,1668.1363678026128
2025-09-05,1757030400000,1684.0650194954223
2025-09-06,1757116800000,1781.0035906275798
2025-09-07,1757203200000,1780.3409739012784
2025-09-08,1757289600000,1767.0103497758193
2025-09-09,1757376000000,1754.6631771694344
2025-09-10,1757462400000,1758.9347542156331
2025-09-11,1757548800000,1776.2131097707365
2025-09-12,1757635200000,1801.9520343151016
2025-09-13,1757721600000,1814.1801640405465
2025-09-14,1757808000000,1857.481990011579
2025-09-15,1757894400000,1802.027470876138
2025-09-16,1757980800000,1754.2875676693154
2025-09-17,1758067200000,1766.4254955987287
2025-09-18,1758153600000,1742.9521518998863
2025-09-19,1758240000000,1752.5011278932188
2025-09-20,1758326400000,1713.8539358582807
2025-09-21,1758412800000,1680.6804485655716
2025-09-22,1758499200000,1738.2612715334644
2025-09-23,1758585600000,1636.057546982539
2025-09-24,1758672000000,1685.0998991845577
2025-09-25,1758758400000,1736.1882048221537
2025-09-26,1758844800000,1700.1883423951663
2025-09-27,1758931200000,1688.3929100768928
2025-09-28,1759017600000,1772.4224022008752
2025-09-29,1759104000000,1708.8036136254184
2025-09-30,1759190400000,1682.673712609587
2025-10-01,1759276800000,1684.579543276579
2025-10-02,1759363200000,1681.9940398755632
2025-10-03,1759449600000,1697.922991697571
2025-10-04,1759536000000,1760.6916807022212
2025-10-05,1759622400000,1713.6557317951974
2025-10-06,1759708800000,1737.457085377941
2025-10-07,1759795200000,1741.0241093405252
2025-10-08,1759881600000,1644.3401825139406
2025-10-09,1759968000000,1613.7999791812188
2025-10-10,1760054400000,1579.6145183971428
2025-10-11,1760140800000,1478.6163970385028
2025-10-12,1760227200000,1507.6852826725199
2025-10-13,1760313600000,1507.6852826725199
2025-10-14,1760400000000,1476.423428336305
2025-10-15,1760486400000,1475.869769550679
2025-10-16,1760572800000,1459.2360149696328
2025-10-17,1760659200000,1439.2715758261716
2025-10-18,1760745600000,1380.721554904896
2025-10-19,1760832000000,1387.1010969403142
2025-10-20,1760918400000,1396.0538134781818
2025-10-21,1761004800000,1399.7979885855395
2025-10-22,1761091200000,1433.6991509276072
2025-10-23,1761177600000,1390.0789644133517
2025-10-24,1761264000000,1404.2913355083306
2025-10-25,1761350400000,1404.2913355083306
2025-10-26,1761436800000,1403.7559170498753
2025-10-27,1761523200000,1421.1835417576608
2025-10-28,1761609600000,1395.615946299603
2025-10-29,1761696000000,1372.3792333165843
2025-10-30,1761782400000,1377.7334088607931
2025-10-31,1761868800000,1378.297566035069
2025-11-01,1761955200000,1378.297566035069
2025-11-02,1762041600000,1371.4387343643432
2025-11-03,1762128000000,1371.4387343643432
2025-11-04,1762214400000,1385.2050825956865
2025-11-05,1762300800000,1384.1700746730344
2025-11-06,1762387200000,1300.440461242607
2025-11-07,1762473600000,1300.440461242607
2025-11-08,1762560000000,1299.952796069641
2025-11-09,1762646400000,1272.9921849718942
2025-11-10,1762732800000,1262.0240026726192
2025-11-11,1762819200000,1267.2152296432268
2025-11-12,1762905600000,1214.4249345656995
2025-11-13,1762992000000,1171.4306286671338
2025-11-14,1763078400000,1171.0525040945217
2025-11-15,1763164800000,1131.2438013978526
2025-11-16,1763251200000,1130.8195849723284
2025-11-17,1763337600000,1097.2692902762133
2025-11-18,1763424000000,1090.4648697984896
2025-11-19,1763510400000,1103.9866492733604
2025-11-20,1763596800000,1080.6900752933893
2025-11-21,1763683200000,1075.4094638415063
2025-11-22,1763769600000,1090.3356242005377
2025-11-23,1763856000000,1089.956662367358
2025-11-24,1763942400000,1066.8061145218999
2025-11-25,1764028800000,1071.3072250814344
2025-11-26,1764115200000,1077.0334203918585
2025-11-27,1764201600000,1077.7130546020871
2025-11-28,1764288000000,1077.7130546020871
2025-11-29,1764374400000,1077.7130546020871
2025-11-30,1764460800000,1077.3089122066112
2025-12-01,1764547200000,1054.970911912007
2025-12-02,1764633600000,1060.7384993014539
2025-12-03,1764720000000,1029.6076327991832
2025-12-04,1764806400000,1029.2215299368836
2025-12-05,1764892800000,1017.7589380046297
2025-12-06,1764979200000,996.1120556554598
2025-12-07,1765065600000,989.0740375074731
2025-12-08,1765152000000,991.0290232077688
2025-12-09,1765238400000,990.6573873240659
2025-12-10,1765324800000,1018.6712414081472
2025-12-11,1765411200000,997.5490932175492
2025-12-12,1765497600000,1027.1235634052439
2025-12-13,1765584000000,984.9703509667816
2025-12-14,1765670400000,964.5469907394853
2025-12-15,1765756800000,964.5469907394853
2025-12-16,1765843200000,944.547108886502
2025-12-17,1765929600000,944.1929037206695
2025-12-18,1766016000000,924.9619245837403
2025-12-19,1766102400000,924.9619245837403
2025-12-20,1766188800000,924.9619245837403
2025-12-21,1766275200000,924.9619245837403
2025-12-22,1766361600000,924.6150638620213
2025-12-23,1766448000000,937.0229028092214
2025-12-24,1766534400000,936.671519220668
2025-12-25,1766620800000,945.5568072403771
2025-12-26,1766707200000,945.5568072403771
2025-12-27,1766793600000,945.5568072403771
2025-12-28,1766880000000,953.4688760092529
2025-12-29,1766966400000,953.4688760092529
2025-12-30,1767052800000,933.6986988652009
2025-12-31,1767139200000,933.6986988652009
2026-01-01,1767225600000,933.6986988652009
2026-01-02,1767312000000,933.6986988652009
2026-01-03,1767398400000,933.6986988652009
2026-01-04,1767484800000,933.6986988652009
2026-01-05,1767571200000,933.6986988652009
2026-01-06,1767657600000,933.6986988652009
2026-01-07,1767744000000,933.6986988652009
2026-01-08,1767830400000,933.6986988652009
2026-01-09,1767916800000,933.6986988652009
2026-01-10,1768003200000,933.6986988652009
2026-01-11,1768089600000,933.6986988652009
2026-01-12,1768176000000,933.6986988652009
2026-01-13,1768262400000,933.6986988652009
2026-01-14,1768348800000,933.6986988652009
2026-01-15,1768435200000,933.6986988652009
2026-01-16,1768521600000,933.6986988652009
2026-01-17,1768608000000,933.6986988652009
2026-01-18,1768694400000,933.6986988652009
2026-01-19,1768780800000,933.6986988652009
2026-01-20,1768867200000,933.6986988652009
2026-01-21,1768953600000,933.6986988652009
2026-01-22,1769040000000,933.6986988652009
2026-01-23,1769126400000,933.6986988652009
2026-01-24,1769212800000,933.6986988652009
2026-01-25,1769299200000,933.6986988652009
2026-01-26,1769385600000,933.6986988652009
2026-01-27,1769472000000,933.6986988652009
2026-01-28,1769558400000,933.6986988652009
2026-01-29,1769644800000,933.6986988652009
2026-01-30,1769731200000,933.6986988652009
2026-01-31,1769817600000,933.6986988652009
2026-02-01,1769904000000,933.6986988652009
